feature1,feature2,feature3,feature4,label
54.96714153011233,48.61735698828815,56.47688538100692,65.23029856408026,0
47.658466252766644,47.6586304305082,65.79212815507391,57.67434729152909,0
45.30525614065048,55.42560043585965,45.365823071875376,45.34270246429743,0
52.41962271566034,30.86719755342202,32.75082167486967,44.37712470759027,0
39.87168879665576,53.142473325952736,40.91975924478789,35.87696298664709,0
64.65648768921554,47.74223699513465,50.67528204687924,35.75251813786544,0
44.556172754748175,51.10922589709866,38.490064225776976,53.75698018345672,0
43.99361310081195,47.083062502067236,43.98293387770603,68.52278184508938,0
49.86502775262066,39.422890710440996,58.225449121031886,37.791563500289776,0
52.08863595004755,30.403298761202244,36.71813951101569,51.96861235869123,0
57.38466579995411,51.7136828118997,48.843517176117594,46.98896304410711,0
35.214780096325725,42.801557916052914,45.393612290402125,60.57122226218915,0
53.43618289568462,32.36959844637266,53.24083969394795,46.149177195836835,0
43.23077999694041,56.11676288840868,60.30999522495951,59.31280119116199,0
41.607824767773614,46.907876241487855,53.31263431403564,59.75545127122359,0
45.2082576215471,48.14341023336183,38.93665025993972,38.037933759193294,0
58.125258223941984,63.56240028570823,49.27989878419666,60.03532897892024,0
53.61636025047634,43.54880245394876,53.61395605508414,65.38036566465969,0
49.64173960890049,65.64643655814007,23.802548959102555,58.21902504375224,0
50.870470682381715,47.009926495341325,50.91760776535502,30.124310853991073,0
47.80328112162488,53.57112571511746,64.77894044741517,44.81729781726352,0
41.91506397106812,44.982429564154636,59.15402117702074,53.287511096596845,0
44.70239796232961,55.13267433113356,50.9707754934804,59.68644990532889,0
42.979469061226474,46.723378534022316,46.078918468678424,35.364850518678814,0
52.96120277064576,52.610552721798896,50.05113456642461,47.65412866624853,0
35.84629257949586,45.79354677234641,46.572854834732304,41.97722730778381,0
48.387142883339905,54.040508568145384,68.8618590121053,51.74577812831839,0
52.57550390722764,49.25554084233833,30.812287847009586,49.73486124550783,0
50.60230209941027,74.63242112485287,48.076390352188774,53.015473423336125,0
49.65288230294757,38.31321962380468,61.42822814515021,57.519330326867745,0
57.910319470430466,40.906125452052606,64.02794310936099,35.98148937207719,0
55.868570938002705,71.90455625809979,40.09463674869312,44.33702270397228,0
50.99651365087641,44.96524345883801,34.493365689338674,50.68562974806027,0
39.37696286273895,54.73592430635182,40.80575765766197,65.4993440501754,0
42.16746707663763,46.77938483794324,58.135172173696695,37.69135683566045,0
52.27459934604129,63.07142754282428,33.92516765438772,51.84633858532304,0
52.598827942484235,57.8182287177731,37.63049289121918,36.795433869157236,0
55.21941565616898,52.96984673233186,52.504928503458764,53.46448209496975,0
43.19975278421509,52.322536971610035,52.93072473298681,42.85648581973632,0
68.65774511144757,54.73832920911788,38.08696502797351,56.5655360863383,0
40.253183297726785,57.87084603742452,61.58595579007404,41.7931768164829,0
59.63376129244322,54.12780926936498,58.2206015999449,68.96792982653947,0
47.54611883997129,42.4626383564251,41.10485570374477,41.841897150345616,0
49.228982905858956,53.41151974816644,52.766907993300194,58.27183249036024,0
50.13001891877907,64.53534077157317,47.35343166762044,77.20169166589619,0
56.25667347765006,41.42842443583717,39.29107501938888,54.824724152431855,0
47.76537214674149,57.14000494092092,54.73237624573545,49.271710873431275,0
41.532062819315954,34.851527753141355,45.53485047932979,58.56398794323472,0
52.14093744130204,37.542612212880115,51.73180925851182,53.85317379728837,0
41.16142563798867,51.53725105945528,50.58208718446,38.57029702169377,0
53.577873603482836,55.60784526368234,60.830512431752766,60.53802052034903,0
36.22330632042909,40.62174960084877,55.1503526720866,55.13785950912209,0
55.150476863060476,88.52731490654722,55.70890510693167,61.35565640180599,0
59.54001763493203,56.51391251305798,46.84730755359654,57.589692204932675,0
42.27174785462428,47.63181393259991,45.14636452170897,50.81874139386323,0
73.14658566673509,31.32734807408252,56.86260190374514,33.87284128810349,0
45.280681342105666,60.889505969673664,50.64280019095463,39.22255222070694,0
42.84696290740032,56.79597748934676,42.69633368282864,52.16458589581975,0
50.45571839903814,43.483996523941826,71.43944089325325,56.33919022318011,0
29.74857413342393,51.86454314769428,43.38213535231612,58.52433334796224,0
42.07479261567299,48.85263558533101,55.049872789804574,58.657551941701215,0
37.997035929442234,46.654987641590516,45.25054688839044,43.46670767426288,0
67.65454240281096,54.049817109609556,37.391160456649544,59.17861947054776,0
71.22156197012633,60.32465260551147,34.80630034045987,45.15765927133749,0
62.669111491866225,42.92330534381219,54.43819428146229,57.74634053429337,0
40.730695284219166,49.404746439382,17.58732659930927,39.756123586657104,0
47.4743184860684,37.52216818035151,66.32411303931636,35.69858622039367,0
45.599555133030165,51.30740577286091,64.41273289066116,35.6413784882056,0
61.63163752154959,50.10233061019587,40.18491348952049,54.62103474263271,0
51.9905969557347,43.99783122841205,50.69802084990019,46.1468640313824,0
51.13517345251248,56.62130674521047,65.86016816145352,37.62184501173151,0
71.33033374656267,30.479122004774982,48.482149049644164,55.883172064845766,0
52.809918677350325,43.77300480179406,47.918777496427246,45.06999065341167,0
44.106352430557884,58.496020970210246,53.57015485965047,43.070904047393455,0
58.995998754332504,53.072995208766095,58.1286211883896,56.29628841923612,0
41.710049890779274,44.39818959803031,57.472936051232615,56.10370265433465,0
49.79098406035852,51.17327383308782,62.77664895788425,44.0842861116417,0
55.470973811700375,47.97807347566106,47.8231879677278,60.9877685198719,0
58.2541634898803,58.135096360006386,63.05478807154329,50.21003841632759,0
56.81952971294964,46.89733243406544,53.24166352488442,48.698569456323156,0
50.96995964992718,55.95157025436914,41.81779316766527,70.9238727568546,0
39.93982618500298,37.85811387212268,61.581108735000676,57.91662693962936,0
56.24119817052155,56.2834550926428,49.87753227153085,41.02745628514168,0
50.75804558193726,43.22838288487888,59.75119733417751,48.52942618497861,0
41.745028032074885,46.78614158347007,54.12931454275624,44.36275447196025,0
41.77779604433569,52.436872114919126,52.44966571108723,44.9305682462887,0
45.289616943816775,52.32049937357636,35.51915658502676,35.92536225623445,0
42.81555778747564,47.86552848288153,53.10907565598005,64.75356216949552,0
58.576596232020194,48.40061470036573,49.80983792097311,39.97470635362191,0
49.8148686400761,47.11341361079862,53.227185603380896,41.727690564476774,0
55.193465142411725,65.32738913002578,48.91239851543143,54.01711722098941,0
56.90143991711113,45.987795281141636,52.24092481810417,50.12592400781795,0
50.97676098548832,42.26990216144534,50.245101742589426,54.979982912454496,0
64.51143607795042,59.59270826085207,71.53182457511556,42.326524371119504,0
58.723206367206785,51.83342005738352,71.89802933217672,41.91701714644849,0
41.602781578192236,44.00607354555978,28.76104275690193,44.74244978319239,0
42.40867338446302,51.50393786476208,53.41755975777159,68.76170839215887,0
59.5042383818605,44.23096344337597,41.01585328651642,54.919191715065054,0
36.797667929793576,68.31458765854353,61.79440120721287,45.30824347895295,0
32.868654709091224,63.538723741654124,48.85460154747382,62.378163119734616,0
34.05572341205633,44.00624977046227,50.05243699718183,50.46980593764742,0
45.49934528520756,56.228499323474985,39.32379570617405,48.576205149787064,0
51.20295631711899,55.14438834058749,57.1161487808889,38.75357908162131,0
34.65885829264378,62.77676821898509,53.323140119795916,42.51513463443446,0
65.51151975522524,51.156746342928585,61.792971840638266,50.67518481410109,0
70.60747924881987,67.55340842443204,47.51035851520926,59.71570950954356,0
56.45375949585147,63.68631557532349,40.35076539419896,56.86051459998439,0
60.58424486849588,32.41260513576886,38.16741487334225,29.607678222398995,0
47.305931655554424,57.17542255795962,65.02357052096028,50.74094780419775,0
66.28615545571292,36.198985417851084,32.96617560644845,49.44452301103381,0
53.840654489393074,49.67305251905907,29.325578999601234,49.10879960487212,0
36.95530499495147,56.69672548830039,53.66598246096848,40.60120213672645,0
44.861330826633065,39.40786478111048,49.37320902726828,59.551423205012384,0
40.14273953664456,55.040465155178445,44.69742381627559,42.07127167737656,0
48.929696400454425,39.64757677580626,44.46350694652818,38.021221074111516,0
69.6472513291639,50.35263551971729,43.00274492007414,52.13979910734222,0
48.8767195030917,47.79030400466777,56.14166700043425,57.57507710047305,0
44.69498852389472,44.2418175935532,47.24948302848356,26.98078835264415,0
34.84808937801448,63.66874267444525,66.44967713501283,47.50963960443622,0
55.765569630557664,53.112501545435364,80.78880808455239,61.195749114345766,0
48.72082408519233,40.44459559399574,33.93553679742428,52.03463635867223,0
42.436492547156966,35.77746290402326,43.534271157574736,39.18451996385605,0
66.87141635072564,58.816397569494505,49.92027358683383,64.79944138890026,0
50.77368307647618,41.38715798671736,65.23124077269657,55.38910043684659,0
39.62753845673544,48.09661321916392,41.24381746615243,36.172002690356635,0
59.26177547531641,69.0941664047013,36.01432426180859,55.62969236690571,0
43.49357430878173,45.12874616235304,44.07606075761131,41.36009230320184,0
50.48521627944827,41.69049883588962,52.704568257798385,49.49761890550863,0
47.6105195313359,40.92436337958402,44.23228669431667,57.55391225825756,0
55.009171876243805,40.22444755201449,50.99332305429226,57.51387123371789,0
33.305947188786284,55.43360192379935,43.37376241054153,55.70598668593159,0
42.367408434574834,31.95117899335481,33.72457562116837,50.48084946661382,0
52.59722501721482,40.956833748955916,56.38592458777374,33.3847993773104,0
49.33920201352684,37.889838002375434,43.48163892197841,50.47398671316414,0
41.39586634716048,46.154444557701744,60.0629280921444,44.23108130476851,0
58.35692112065142,38.702931453423815,55.298041779152825,64.41568620657901,0
25.283554998727105,42.03104744529523,55.7707212718054,47.96954613957007,0
53.71145873371309,43.960148132841795,50.865897874729,48.44322764607921,0
61.67782061659807,52.54420843301213,53.37602662075202,45.881230338775325,0
45.123937759275066,45.67441812180379,53.944521423782966,45.79015519179737,0
52.89774856896413,70.75400798645438,58.711247034316926,46.73976467832159,0
62.012139221639444,45.91924626978449,29.61875464822146,39.91913689082596,0
31.292080789741444,46.48486515958692,50.184183791895514,66.76437312275283,0
53.269273737641626,47.80899471191136,58.294055811834895,27.88864690992115,0
52.356145581085656,57.708651938869664,35.214137542201584,61.43754043206929,0
53.38496407494414,45.847120860991986,56.32781866106285,72.70692857804396,0
51.81866255058495,52.48220586300336,45.40639100459756,41.50155630535208,0
58.303358165442454,41.43916174091133,50.715662372193925,45.223425532348834,0
54.78979825746392,53.33662105286948,60.375399442578995,44.89983601145253,0
47.30125064706629,40.21236284217693,45.55706739923888,53.77300493044852,0
57.56988616645352,40.77834675822375,58.6960592010566,63.55637858804951,0
54.13434903223701,68.76795812558066,42.26210800896427,37.55345296688583,0
32.212797510957216,64.96044311489183,56.54365656354058,49.44415329089545,0
52.799686263198204,38.74510952701623,74.45751979616827,51.292211819752275,0
51.09394794604893,57.25766623898692,54.810092317367136,52.23884024279131,0
42.09525544554688,54.714683571359956,68.82024496475034,63.454200461549775,0
65.93186626639397,44.88784323568815,40.10395179741419,48.74213079900352,0
50.557249122886944,60.94191518470949,33.07535370285181,65.29550319460614,0
48.419921014210104,45.7311893005258,39.87895624739832,33.451433281342304,0
58.231705839619146,50.73317967188404,37.10039100258946,37.04921227936384,0
46.64215300709872,66.69021525289392,47.40408648636395,34.96857046881894,0
47.54256935914056,47.27276430252329,23.031133570584284,49.45705133482188,0
47.69065469791322,56.96206364813418,68.48956094945345,61.26565029547757,0
47.31111309445169,38.934740912583294,75.7335980324986,50.59218434014488,0
50.13929291912946,49.758749128899964,51.98084760767855,48.556395880760576,0
44.26337993119763,44.53141058759608,49.672467297840015,44.56575228866235,0
42.871542173228356,51.064302276918966,47.450227825791444,65.0399298858269,0
23.490301916069882,60.91506851922462,62.46085192497629,29.266097675918505,0
46.573124059196516,46.28559134004209,35.924883052821784,42.22183312409125,0
38.894241545341714,67.52270443423623,59.35678393147461,62.71555094994159,0
57.21672064043235,38.70948228782771,44.75479733720226,54.89374561227918,0
37.778721911080545,57.12998430172388,47.59674601841865,46.251791924504026,0
57.10959968203491,54.4426331148604,46.3903383418092,61.59329803364248,0
39.189366724001026,56.15935606944264,55.93101257968384,46.904535606860094,0
53.26133022242118,37.488864236146966,59.24027019206901,48.15097863557011,0
44.772769794809605,60.49009225836889,42.95656309457241,35.91538703636441,0
34.433708264760966,56.06009951345639,37.19570647503717,67.54794181984364,0
29.18070592116278,66.96456368290038,52.11017467202618,49.032868881296075,0
44.550809131910505,53.991361143520706,49.62365297575152,61.03301882016521,0
51.142276486620396,51.50301761461878,46.36387787786144,49.43054376278933,0
53.07801768892059,32.89831607343375,36.518145778942866,57.43264094022715,0
51.708654381279416,48.16016663647321,50.184339330653934,53.47581705361671,0
44.60240319690639,42.216952745976876,51.958452550976816,40.21627222384968,0
54.082527557144715,32.9741639576216,60.29155637325644,54.72597482413043,0
52.56029734313876,59.82690983945514,66.65474444462576,60.1437006501813,0
31.591257686683548,37.204230332642986,43.75181422304321,50.26091050210834,0
55.17659020469123,42.742561868465344,51.86766764477078,42.44617067646678,0
43.884821970080516,35.93338903151778,40.76766753889096,36.48315394383666,0
40.241267470226674,60.536417966078396,40.50601111168057,76.32382064837391,0
54.93317900880889,51.84836123694874,41.41642219818787,57.003098794089915,0
44.24362173762226,51.220098146453616,75.60084538268795,49.0394010027535,0
61.49273326285676,42.96823574874112,49.65011509503038,67.7080063563551,0
43.730329422122324,68.12448557996929,57.07751935455475,44.37533224105732,0
56.32407739055521,59.7255444962673,56.21809962217196,34.297752801095434,0
42.728628241751316,47.52481364448495,49.25566570899954,56.206720975506784,0
51.777010009332535,36.64655641289899,53.801978510059634,56.10585745283823,0
55.5979044793104,60.807807255546216,58.33922154548904,54.59180079228437,0
49.29834288541353,33.39039066484008,54.296182191325855,52.076876871631114,0
52.715788371953735,37.232514241796906,39.189434595917376,60.53152853332904,0
49.60444846143345,56.81500697372624,50.28318376130461,50.297561394957455,0
59.382838059759976,44.83955271782626,50.96120776940983,45.377247112949576,0
45.65503772567684,46.908278765313604,52.22133771633713,45.212513783365225,0
62.55756125573521,41.05392697780496,48.13128355838641,45.60268941725825,0
64.46977884353733,51.965547765115744,60.31844539468635,35.14439626963028,0
52.67050265869259,58.89630795623437,50.82283989275424,60.654803750653514,0
44.82711549899628,64.0934744018558,72.9889812361925,46.37161439560341,0
45.54497478599228,64.533844771177,65.79572145730712,44.771399728467316,0
45.798131829041424,47.18215391139493,36.555494889657226,40.81348053515802,0
39.95859233247932,42.32202434895871,49.65315112613219,52.342147325365204,0
65.50500492814076,40.016459592612094,59.843223984765835,47.86011155774491,0
49.50536290347567,56.74819492166604,38.772779784377015,53.82409746184051,0
51.66452208213056,54.92451264008149,52.89168643907818,74.55300139910895,0
43.62260015748684,44.690030449981826,43.76859473575236,44.44522880839745,0
43.62612872693482,61.89016531107552,64.20504247989855,44.29253706250524,0
41.67644426895771,54.71415556386404,44.477769557190285,56.32931817755511,0
52.029230208513,34.84255885002768,65.47505201330061,67.95877673095522,0
43.87211309515614,46.122984400640156,52.85865390724905,53.34456789987025,0
56.5854427267283,70.1020453876635,48.2305277250595,42.01702755461546,0
36.20680771985473,42.69069960058081,49.66873027126203,67.94557863517788,0
44.823887009638284,52.237879516388986,49.83577103927248,61.88393273448084,0
75.26932425873622,44.69131227079679,45.10560557481778,60.44160877069072,0
56.81891489626312,68.46707325736034,55.839281853259635,46.40707909212941,0
55.90654830692309,61.087035805829075,58.204821811973645,55.07274031107298,0
60.666746895891535,61.692955904456724,63.82158991037527,56.48709887589643,0
48.328819196831454,51.46713686433323,62.06508966508357,41.83064329012764,0
53.686733088729014,46.06661187672639,50.28744822934817,62.78451862607299,0
51.910990680199035,50.46436548156149,36.40143859020081,57.46253566027221,0
56.45484181141075,71.6325472330546,46.92221765046999,52.19150327663939,0
52.49383683710755,65.77453279763475,49.047044676130476,52.790215257703395,0
56.078965097165394,51.86609123156358,45.535663854494715,51.94089992898308,0
60.73631749859772,39.7348470058894,51.32969674146876,42.99879185060827,0
61.950466289248425,34.76813095216225,44.410781527284115,53.772118750645205,0
65.65524029234341,49.34249738927012,44.44800473306802,68.8115706944059,0
35.51986099583756,28.011940433799182,54.40014450053332,44.97945775647389,0
39.787671828692865,57.08356447299353,52.43800713771199,44.359213692632714,0
37.19695601329106,58.724573282801444,56.50201177958661,49.00824136220617,0
68.46636996047665,39.29915233673847,34.74474829075261,43.080919301187556,0
49.54413983644502,52.43339449322692,47.5876394214367,53.520553965142966,0
37.48460575809556,64.4376460407326,49.178488216074314,61.172958315881274,0
53.42725346377704,54.567532191537836,55.69767280232204,54.47708560017315,0
56.42722759867544,63.29152530132431,51.9652116970147,57.09003757588512,0
49.102643057127736,64.40117215449473,43.2360769794073,68.00940432910815,0
49.59842049355657,35.69224897881952,51.28104414910789,43.18948342525119,0
58.406435489887244,43.47376020697609,45.538165667852205,31.104592690544692,0
45.47693680750923,25.761206733710434,34.16097176514277,57.604146561442974,0
57.85800158650832,54.254575617849646,40.33023856870787,49.5228864385802,0
49.963974609094315,38.416353108074574,65.0339830176715,58.77362290575671,0
47.79035826170336,50.26885838994531,52.08382807947552,29.582651315757094,0
47.52822617479403,43.180157520022014,39.983799901050844,47.18899707114045,0
67.97686526849523,56.4084286126701,44.28821010217203,55.72582781356159,0
63.99355436586002,59.246336829127685,50.59630369920174,43.53063222294426,0
56.982233136135896,53.934853854217494,58.95193220027733,56.351718016819696,0
60.49552715319335,44.64764788439432,63.173940656343255,51.975996046923996,0
70.75260872625265,43.10812181910432,67.3596380316525,51.979107834626475,0
43.48581996385552,45.16114165945678,46.7965269180568,54.241659464019165,0
55.228354880355,44.26299996061421,49.756454077390174,71.42270358611864,0
67.27543170100711,54.36323669674032,50.380034781682,51.200313267182615,0
56.13517972730416,39.77207434801595,47.42623462576655,33.314159261224106,0
53.992231226052795,56.47195939702741,45.16813537700626,65.73986763290033,0
37.74234336997659,35.3562511979018,52.24451818559972,60.470983026121544,0
66.83927691457869,45.4111573713106,60.78680833431296,49.61491530499293,0
48.273727000591805,58.83659937486672,56.5232287841342,34.236078430157505,0
64.76540349725896,63.800913541474515,43.74437298490471,53.95803533437409,0
54.94030186282739,52.60673765823907,44.4969484615458,43.283766320619485,0
49.744459290085544,61.72729019259364,55.43600154594432,46.29385667913894,0
57.716987106483444,21.514573793699245,61.48765700372103,32.60286221221901,0
46.37559058596868,38.803301053738565,37.053185242790946,61.608267873785195,0
45.32298798688109,53.46503881730716,49.53079421120816,54.770408272231215,0
50.768218910602556,37.1700777581143,59.9626681944714,45.06243416838687,0
34.434181013402494,45.718848390340874,65.00759790634311,58.50221742113493,0
46.51347865592141,46.50742295681571,46.783649487826175,70.76747983560841,0
53.819354522315535,54.300416471910694,60.30283454031842,52.387891590265134,0
47.40957854179297,48.03650150915022,49.283987405859364,49.627777634901584,0
57.2762954363698,50.519458858072994,57.32640077215579,49.19283419891418,0
50.786351903160906,30.017993154678923,59.16327674702482,53.46488475897993,0
59.98010109859652,21.037446218063106,70.88374704780728,48.604103718448265,0
61.081828167375164,39.60094072874469,56.1277390506257,39.46584436826344,0
43.76231039304195,69.14031353866787,48.09317599236653,52.17432873179723,0
58.70067730688754,54.95681887972604,51.504189051435766,53.64961002466225,0
74.03415585238275,49.42381202966415,52.010990467149675,60.50654396007612,0
61.05525932957984,61.8703030556038,56.38730222029184,38.569950872695166,0
66.33431532301096,38.53654606981312,53.02635465239033,42.45724149980642,0
49.35861653407007,53.2876241030348,53.21357215450273,54.21920754235285,0
66.13711269058646,54.5353430151398,47.558433647093516,59.64087168288357,0
61.894704889246405,37.72392184863008,55.97400069849858,57.01172742310898,0
47.02436496640008,63.75706813311619,48.499444129674735,51.255764534715425,0
48.2692817571613,50.155790475814676,39.037249131047986,35.59949117405706,0
65.94505063224972,41.53038651681672,40.08607650543693,28.466098863962852,0
43.610382523104974,36.76910206592502,66.4201516013637,60.09817089342634,0
43.118496548222765,72.52435805344308,59.81765486991594,46.75168616491378,0
25.00594285126427,72.90942572590743,36.10427533236404,33.546012530431085,0
60.225704320096405,74.39752406339272,63.84272818510518,55.639091200523595,0
55.94754341665286,58.53415558780308,57.589285897867654,52.811914239693756,0
51.04201103951876,49.374068721004775,42.46035411133324,47.19324923133226,0
33.07043185804615,49.0166037320525,40.11408892849083,38.964106827842286,0
51.798941511534785,63.92002286344599,59.183166060023126,34.29499396376823,0
40.10371863429663,59.40771187988216,40.175126064616904,47.753668500029754,0
55.50052099024552,40.31655545136365,51.0537550614596,36.65974505081795,0
43.98632356048786,53.19781934142537,34.070062664683306,54.40474737960399,0
49.803622010733186,55.524899544171475,52.23914134064661,63.64140429973844,0
51.25224502647907,45.70594458874747,51.222975030322836,55.43298029036388,0
50.48860070325704,50.405916912038826,42.980083121932445,43.37099082449052,0
35.97394728200307,67.4957674318694,37.56136764608715,43.07094802204092,0
42.81592734430802,58.949243769444415,47.05050321707972,62.477420726737336,0
43.26509375756132,52.78994162223802,41.64652946740243,71.45149127773388,0
38.12401580970487,53.09820710227027,56.337768809320984,54.137990974514985,0
48.147123411222914,48.70179300266574,50.438114719791095,48.529979983715116,0
59.638791167949094,72.10523001591352,44.425082149921664,36.301970204209226,0
49.117179516487454,75.79709337654319,41.963254320302696,66.39116805444067,0
66.77700814076441,44.46411758292005,55.689830791852756,66.28396623128538,0
46.20872259012513,47.964196398976384,44.18319086051356,39.852432693071336,0
43.50722454933993,37.760597332377436,50.34083468259226,42.30026768941358,0
52.33785911790748,34.44104353796373,53.30880232214457,58.33528961608925,0
30.062643574285445,53.74056569847572,62.27668992473292,37.90358981308795,0
66.72572386837703,54.190190093660455,42.949881442415915,49.44230922342294,0
55.58326912521722,50.760053914124114,55.387559924463694,40.79326406920634,0
51.69360824036078,35.8628550309502,48.887739386513,40.960923585352106,0
42.64470057410233,62.36093175210438,60.91310120594269,56.09138120907177,0
39.07687235327421,46.83591550305198,62.130976999791834,51.417169136399046,0
73.19329539981695,53.93317839394372,51.92049116490031,46.908835357974986,0
51.33540904782282,48.47530163619456,57.0810867668859,59.56702316794584,0
42.140105394920504,36.68767046442222,31.637946268967035,55.079913269125434,0
38.966333938261265,28.47109407047517,53.885786045309644,74.9299951743279,0
49.939290884601064,58.38490774451642,50.81829358547565,49.01110346808857,0
59.190764829877686,47.097254558113484,52.673923140719026,53.216978061960134,0
43.31909546356951,59.92042349536523,48.25040243304591,42.442548405071555,0
55.365098435704034,41.015320182089624,50.281811573691286,49.90881003355796,0
60.85895565831578,54.746982328799525,49.74973041254856,58.17766299200287,0
63.90207549017313,55.578103063518626,50.103526198433805,36.8816376764984,0
39.348863369246274,46.94775295645332,43.90487797840717,48.13028697014554,0
50.56649924897107,55.29692754356731,49.29501221940909,54.86501643826202,0
50.6447441481012,30.245334336461287,40.606646061812455,48.55912444278385,0
37.90305257158892,55.99928729996205,65.30750832343698,62.18761851697317,0
47.86557129069792,64.90726136849952,51.486674572021116,46.629140288819606,0
43.8659733645906,46.975303135118715,46.118231814587716,51.70416222375488,0
51.60573981049865,50.03046020153415,54.369381697463496,61.906462747863415,0
59.495541354413234,35.151020315500965,24.46078865098045,59.34319911239274,0
36.33121301584579,47.75234598107316,38.298869739406406,31.9801956241998,0
55.41462728204788,57.59155160302647,44.2348959927328,24.089577078550903,0
44.53755551747517,53.91804005402547,35.21088431225871,51.83359919779156,0
49.846901508270044,55.792914996010886,51.19580368414153,40.26931059118444,0
61.965715016644914,48.4147042697303,49.72695460490068,40.667320409268044,0
45.567177488084894,41.15197285973099,48.27053940076577,67.11708480142343,0
36.28098857068643,33.86438602123259,64.71170327493608,47.90676322848134,0
43.309272613400836,60.39904687396076,43.94384460263136,68.26009713546937,0
56.77925871339269,45.120885918542974,71.57308213265503,43.94285076996662,0
57.42095372009307,52.99292580406492,63.01741289398798,65.61511196726853,0
50.320041490657665,42.46582129653817,54.59972142939117,43.22284630247894,0
70.13387247526623,51.36535331082737,46.34678448687891,51.84680305864909,0
36.52873710470303,40.28385961489349,62.00413907944426,43.43105721028604,0
39.5308901731806,55.36652752527286,61.85704154662997,57.18953310665067,0
59.960476858058165,42.43204911430539,35.78189333258156,65.01333651955487,0
46.77320161157864,47.49166983544953,63.281941418490575,55.5623000940066,0
54.55887772081608,71.65002344901083,43.564817696198574,59.278401280812375,0
50.570131248970846,52.68592278863257,65.28468426412532,55.07835756289624,0
55.38296079049633,60.72507337309802,46.350472704571146,41.607903326609936,0
39.55190805978967,30.33643410623998,70.56207129940321,38.96791634278317,0
47.78746376414228,47.23186700111079,53.07406697809101,58.15737212539297,0
58.60473488359745,44.16922561431062,48.32878286213589,52.825799504882994,0
47.51308873816453,66.07345576019992,54.90974951638251,57.348777860498174,0
56.628812686674124,61.73473857485325,51.81021558703707,37.03168052044153,0
53.996879517526416,43.48643106208171,44.713833182502434,55.863640187550935,0
62.38283071433636,50.21271576736061,53.088330125989636,67.02214944635239,0
52.407531794885685,76.01683114180395,55.65509645631544,32.39237240844182,0
57.53341621104533,53.81158384882778,62.897527540827454,56.73181351269958,0
48.615440160162265,37.757017637106344,47.90976742713975,41.494795457907,0
44.19476550195277,55.8857840442061,66.69904504351406,53.94671529822981,0
38.04116937964815,54.446026682201406,61.966314866456514,43.90217095680618,0
48.65982833327082,50.14688194729197,42.151016869177596,56.48280433843859,0
48.79051851392219,54.195324439070276,41.125078221978995,45.62541699676589,0
57.22381357827771,46.27166847908233,67.26963851233405,46.003638143853976,0
52.24684725751886,59.325908318730896,35.816342670669684,32.39191188019224,0
34.74343685429905,62.62584103427182,44.481418541075534,75.58199285668252,0
44.357524013426115,51.84551303197037,65.42109952567876,70.06092888159122,0
70.61503576636397,62.083662305931426,60.240625258114626,55.92526949201183,0
57.78361076166638,44.488142836714665,41.81801116577693,49.96625542589048,0
48.298153774750716,45.46771950672725,56.963874474567156,59.553052085705104,0
50.884068862918475,64.77530081055262,38.58310885866495,48.06340540720282,0
42.831776793971954,31.3346338292694,49.17319314157301,48.78252491616716,0
65.13449743242131,56.30811684554777,39.758131756707954,68.54092566334188,0
62.21033695525353,55.82097703468616,47.73515901150168,40.405607632765204,0
46.27793223928947,60.88748619704186,68.84586305934609,65.43243528272188,0
45.11150578213726,38.80382566710989,51.40886246911204,32.31560634437149,0
53.23167714184781,48.52397413701331,45.33963498131758,34.05296932733204,0
55.136001065697165,44.672991603380886,38.30083164289712,21.277377867183507,0
49.724850949493636,67.72251596669744,66.6125921454787,45.429037434137285,0
43.97787939638219,54.68774256075024,40.016145608117085,53.01791899819466,0
57.660802783846904,62.26933223884308,48.99845923520047,47.96326249823034,0
41.22017413243439,41.7311964596014,47.73521108098473,53.67365506816178,0
59.13584626233249,41.96821049319655,64.92688568959522,47.28876398957431,0
49.78632705651564,42.527883208521764,25.757597397270583,58.8404539636105,0
57.36843897092433,47.18672442881787,50.66990717224872,55.15939217704099,0
34.374541431134574,44.70947322653705,57.94264679621827,37.45710576830751,0
52.935579321666296,36.43418195376595,54.66429982433527,49.643585177025166,0
33.848681840944906,61.64739354457171,42.65408423201951,41.89747562985619,0
52.00569197230943,61.48637349428715,39.841781810216034,50.61679849847972,0
54.28816500330573,56.93105607263144,51.76441555277225,46.329721609166775,0
41.724097793512804,50.86143883046375,39.27860988014393,20.78649516505393,0
54.365598041576675,59.039348410861955,26.370675644581617,39.90269295290062,0
56.191542610051975,70.574954697117,50.20793707675408,42.71997058770866,0
48.1710355889516,63.74876419148185,43.54035820875465,42.00807993349746,0
45.17256477817968,40.466713917412875,51.22670315994795,66.2467845846956,0
53.23079273116029,47.47646497873713,47.08188731084456,34.36809191303343,0
58.83109777147159,49.22162802987198,48.19520086409374,81.93107567844861,0
52.98752908365686,42.48208949904816,45.736424037944566,61.48445709196755,0
51.13270410537764,35.61722021682633,59.19228934575204,43.31855914461006,0
68.73297776217545,60.80048065714649,45.52678104341249,62.81016361735113,0
50.678555105274036,58.52773675122219,54.84732817294475,41.536433450091266,0
43.56450167682538,60.29960817581161,46.65224667893459,45.96351536758003,0
40.44877420650647,54.235990655934614,70.62524919243145,39.32467085745727,0
50.24219456672758,64.12220555415429,49.203586087542845,54.52371796249734,0
39.376064718531204,54.28307097207649,48.12855734995451,59.85729995679863,0
61.87386051564751,75.89563642018614,55.796331732135755,53.257963165821664,0
51.94384301577336,46.46833707189312,53.38483843461691,47.04598589860971,0
51.68460976269614,63.1759753560796,39.934574347203586,61.39878561129045,0
63.17115067339866,48.81931473008921,28.781451009914054,43.921780129055676,0
62.96994546561109,49.77131937701118,40.00697767705089,44.95225078771782,0
58.40620026504553,55.4673356820138,47.61067900830306,46.33175588185313,0
46.08241850956178,40.77589815501497,66.15375689469442,46.7767953078866,0
62.17158520825497,65.21316051922452,59.9831089814796,45.683796872819514,0
54.037300903366095,49.758043936090836,40.96298139269872,53.24359281721603,0
38.20960208840198,61.87679388461564,45.35382702701607,52.01159655872839,0
52.83287871546142,47.410950262959226,55.86693801475275,45.25096343377476,0
58.71297297457244,36.54020319753251,51.26379579546412,69.38928999058285,0
39.99668675394425,43.222550294751485,55.13907849658915,51.79581781939598,0
53.50630099273559,54.891871301476634,56.3472146856177,61.09699841956223,0
54.098186569285126,47.58742345381457,56.72573701202731,68.99881934895215,0
48.67366253617426,40.254706953293585,61.07080669286972,48.796188360464015,0
28.273304539859637,58.47421677150422,44.64671814046077,49.094667176958396,0
53.319803305690144,51.904996797790666,57.0945181713904,45.645136294301565,0
55.131057981760826,47.40453322416083,57.38810480887503,56.153674840130535,0
40.645612979554045,60.85982116175032,44.64036554885952,58.08057798281145,0
53.67287313401341,68.38183676795123,47.76534017628148,46.506832038818025,0
49.805803941122676,46.968202171657246,57.9994190194205,33.83689391563412,0
39.46317580853646,39.32197078420807,59.50307591973576,67.10613372581925,0
48.955507814625285,48.311782768099896,50.700521631131814,61.61878302608191,0
40.72646865809426,52.38368982734785,59.7519762978243,55.01094169939845,0
51.89581616598743,60.01046092567141,22.96767707000763,56.77875319530908,0
43.45924316872576,31.693671031435432,55.11202599524981,63.73658545162958,0
48.62551485372308,59.528745472029385,66.12278257988646,63.14914453584048,0
66.39964529371393,57.42127491071892,50.754336389015926,33.980341881028316,0
47.53937511870051,41.567534046838084,71.70942717497815,48.24114187567663,0
51.23204806784486,55.51485376040468,50.436024463724536,66.95051040430752,0
43.77350638265548,51.94607455237243,42.57529414301952,36.79977488779294,0
43.882309090947146,49.62963202951588,45.7069777548274,43.07579020126144,0
35.93682536328166,49.16894427371305,34.952796259689975,57.60055963689602,0
50.824397529345035,35.4244850053507,46.907909229501364,42.478435944094166,0
53.1917451041918,63.40450446023144,31.248275303542556,51.150260791474174,0
48.398672044333594,56.713400764504655,52.131966282376894,42.48030668261181,0
46.80946064333382,42.03974143196511,60.76007138598598,50.21311648671942,0
69.01190685753008,49.39339186185379,42.91593233089537,34.862856073871725,0
31.96860323744055,34.158640569945106,52.67126651011483,55.08725023229934,0
34.188092979678665,58.950383140761154,45.1693894831656,51.467930119855495,0
66.12220628255425,58.96839315865532,47.314693520941674,41.08807774584713,0
28.48184598670695,42.8084668075758,47.88869761172305,40.12820472848816,0
48.68743032907695,50.768518829587684,47.751440181919214,43.4999741917654,0
51.68654671966728,54.41940649569409,39.096009225571535,64.10932379746271,0
49.014118677157384,50.188496229448475,57.08214423256557,52.332161312635016,0
59.53136633913245,52.87124165201824,43.87562625359562,53.61503525206102,0
38.56273792679338,51.085597057765234,49.66770009355539,47.918831427274604,0
48.71462488561069,31.18150954502361,44.512750922590385,50.928449011411146,0
51.598563919974005,39.72324859074042,62.65707840864701,41.33825151785499,0
59.69457200526737,54.27194361871685,43.53772690156197,67.75310892609512,0
38.0636316824352,59.191541736100014,60.005823180429786,43.293797909233554,0
63.92465300064329,47.49953485401047,52.88693629279857,52.603218387712204,0
48.65691258529452,58.10808273159782,57.93488720552213,32.51468026761819,0
63.043402428781526,33.37508011964326,60.32546204341657,61.26705136827583,0
39.09033569784802,45.891857120454155,38.94295331514064,47.850789697112646,0
46.919657158142584,57.796605322693395,63.10308746119608,63.95683810789956,0
44.37831973421698,47.90778126255472,33.1656180777905,41.94129933503811,0
59.64851633097457,66.15582823548232,37.65651128120078,44.075357408471056,0
49.73594243041073,52.80161158819607,41.90396480078354,54.24061044464089,0
45.26160652929084,49.855477291217206,55.462842480037,50.064222698109376,0
45.63614109473431,48.90390196074169,49.11637040794665,46.29988970117872,0
47.41203937332897,65.98647170504717,55.60919447941239,47.045196819708394,0
56.969544045107355,46.6618051024399,61.73124637586641,53.69642192198094,0
48.92697855995771,54.477169258102776,34.291238479315005,38.73232531090195,0
38.060749936009444,51.429430947637066,67.32514999485092,72.31300146192632,0
56.380511014407574,55.00844474944457,31.98942265847261,44.57326200265978,0
42.12216248091761,43.79152401748884,48.318561814152105,45.27909422302873,0
30.207001896242122,57.47910256117534,39.27256974260193,52.39246864111149,0
70.74082669749973,40.80615408413577,24.697124772536704,47.139957781198895,0
61.00959634998571,69.58347454220593,37.70450405547583,54.966992232365214,0
45.34689543219947,48.94051645695864,76.44343347017035,34.970296716048466,0
52.537396614945735,54.676931717654334,60.857863249393475,50.97983153470896,0
53.08050539504102,46.08351432578209,52.69126941245107,46.5680772450259,0
56.21571889856051,46.30389663956366,53.77100393902187,49.707371863150215,0
61.26050250772168,49.48606276411514,32.26967531793119,62.619215007139914,0
40.94267699137381,43.4623366135118,44.04338705956508,63.74438093170817,0
28.643257860213044,81.37748533659993,60.56056809066052,52.2323891412916,0
49.451059993837134,52.85554074857657,55.211224283793385,56.45215585950057,0
55.55604466003449,50.895806812552486,48.02661579692674,48.487267163464885,0
48.05091719647319,61.337700968670646,55.935567222808615,20.596113653357197,0
56.55900776529761,51.94736194718775,49.81291243554102,46.11481546911114,0
61.24112719986013,59.475264621228575,42.27122332176391,54.07052287124535,0
40.28343265458714,36.203818352110694,43.73282775410035,58.62393472382759,0
59.53125045376087,55.130854200972934,57.25095786847997,55.16178287114958,0
43.585184047770476,54.31922544673941,58.00409525227683,57.542913298135744,0
61.88913371474643,57.083038472010635,53.51448207541583,60.701502383164275,0
49.7347874075094,41.18125348772282,48.36933036056236,42.55097355193551,0
43.24821725025618,48.55481329284482,42.075800790000386,46.9203847036096,0
31.063853330462145,52.13293707372939,50.012054753622245,41.82911368931809,0
56.59245668432405,59.37570137626558,33.924401356310256,42.37275221433786,0
42.30857650212702,40.600968988911355,58.294748419317486,48.06173861227197,0
47.35485158689389,29.961376355932465,56.35418030209226,37.60741605146528,0
50.599326302663286,52.773769379581914,63.60658595838651,36.91179600880888,0
19.804878441791747,51.83849544753695,68.00511181510853,62.38946352939438,0
52.096594152746256,45.08363814367953,58.071225966373106,40.26453800295531,0
54.76357769356219,55.054701591666266,60.6020990749888,77.59660038911078,0
53.92415967178767,44.910363742925014,49.74425687808006,32.30924095110882,0
43.05286868910942,45.90717561886896,44.759116020654076,51.52354872033722,0
41.775800676177994,61.210306673244716,50.002070649181974,49.90699678861385,0
46.72105283487082,51.551906838589794,58.25098264667635,41.328697842890996,0
43.41883510924743,46.96273971223335,36.54129076526785,41.807421402785025,0
45.23779126455341,58.74389180712728,52.62561329001925,51.93589911367545,0
58.50897962167972,48.62628211600603,53.904648499288896,48.96778247067504,0
52.653623493996285,44.17241342388418,25.61182841723571,48.65720837813696,0
64.2274813609994,59.26215402241593,59.653974845911705,62.36130721806218,0
50.88657590961437,51.973157074055955,43.8234810456565,46.8392714397295,0
56.15771149771142,62.038844371688164,48.60553724319001,45.498107351485885,0
50.005279588565976,56.01206748929115,35.56145183866458,27.03819046862762,0
44.494631505084165,37.79287574085841,44.91859802352689,48.52219681182528,0
45.467515909769865,64.52467534470745,53.2674476460232,53.004743596108284,0
56.22207144043402,38.61166882219231,60.391117874202685,49.2423571346454,0
56.70480617241213,39.28142766959844,34.46241233983936,58.17889658025029,0
53.76409526097517,40.9794844564249,41.303369187253054,61.254347844147695,0
38.10588107132672,66.42672953255963,40.99379265352131,56.38391925608383,0
46.71381524251015,56.03187431082343,44.558859978858074,48.37207093927706,0
50.40919175395721,39.978125442185274,57.408243454201255,44.867864335284146,0
47.714000846599816,40.056506253914876,24.376663412046895,48.08972237399831,0
74.12615421612915,57.84604287898024,49.80739620265605,47.37109170791732,0
50.22465892812046,55.4711911517521,38.19187184691155,61.143216946688725,0
57.15381315441244,57.18185725707934,54.38475738809727,50.1961665769399,0
56.7286123596682,55.91814133741378,46.45959289058976,44.26398227103099,0
51.01856295261987,65.49020151495188,37.60892924346099,35.324747342475604,0
51.647608412365166,50.50887701856018,51.73341664370408,52.439531979085004,0
47.76797745365195,64.89863438602082,33.99096021523484,41.71502975219754,0
48.96745239850953,33.568111888458326,48.241455955679285,66.61470165728018,0
50.20886488295962,52.30700905718683,37.3983523482742,43.83638591960523,0
46.24803619676063,46.82284903243766,62.81643795003769,55.57691060725124,0
38.88542043062968,52.46504778432005,54.98221748496785,61.40149038521267,0
65.80540686568374,39.84905808172131,41.89142488789662,37.42422141085384,0
47.659801408930186,54.663583744463345,59.87334516589102,49.24048976357477,0
46.80152476745156,51.51757992248741,41.64857098369977,70.89538721694774,0
33.923389728819416,51.847405788957246,70.2360621922964,50.067998445599976,0
48.099609649985055,46.42554577189573,48.19608318237592,63.728484746765304,0
27.88138088670493,65.33433701296326,35.76042847549855,47.333476707655855,0
45.707555797013384,55.8855326977072,34.01875648116253,54.62172666081943,0
70.24309623286852,36.368259954071895,51.89706167610396,43.38017822203391,0
54.25887206193036,50.19147777415752,43.5851309095569,54.87872284871074,0
68.04348109786743,48.09096208272701,57.19757942148182,37.06727042128836,0
40.43563623181991,54.72406277880377,64.84116028535965,53.5561334878566,0
46.86941969476845,49.99291405423354,37.495922660302824,56.045153263553665,0
58.82333062323409,45.4790966716692,45.299578522404985,52.658782296520485,0
45.63280263959405,49.338673853741774,70.99721789166516,47.52974299254004,0
46.41659847978778,43.52458194364841,57.441919714999365,48.18775826781897,0
43.506269616785744,63.21304032273012,64.19603004513637,43.99576434261295,0
31.33460048639384,60.07513689836922,43.15370174239996,57.90625599162769,0
30.298961822881644,58.92597338299309,37.88828070719219,57.307641190665244,0
50.142730678364344,40.460605806033556,45.929636870732196,56.86318456956701,0
51.05894453115234,55.844129804724844,69.76440584515485,34.357583882889486,0
66.17212574968624,51.04355937523213,41.01215951676872,36.696863742610105,0
48.10879609222967,59.2165011192446,48.724508796224654,65.11154930247348,0
35.48824309948441,49.87911052153945,37.47606555586881,53.63631882624968,0
58.868873900973,45.792382063189464,23.95786143372866,51.98948146796494,0
54.367385517335094,54.042947549616976,62.35782191822154,39.28946320350951,0
56.802161054504495,61.92507512477975,32.21412415993483,53.19651825918977,0
44.958201689923285,49.18477326898354,53.476764835383364,45.12771435886448,0
43.24291920838388,50.34152417488025,39.12754061137197,39.141748711148146,0
56.79373282956503,38.51205964841344,56.66312500909212,54.62591292853951,0
32.741932712094034,43.22435347664345,61.94109403047372,40.18834468860318,0
45.355957376906126,54.62060893251896,57.83390509282596,47.48461113955504,0
44.02489805308358,64.22369861698508,67.3889966379758,59.788580507817954,0
50.85318142565024,41.91734278359074,41.695555934434346,55.22514105265758,0
54.18398220888684,64.01598592946429,56.50450092536139,34.96919698240182,0
60.51947617722919,40.01939372685587,46.16028728047648,52.502002062516944,0
69.95667489783965,81.09918556005361,56.06723059136183,48.168033812796125,0
55.345056484805504,58.87655425873836,46.793323744428086,67.95211355912322,0
52.30070759191402,54.97743089091394,56.659242520544616,54.21586610614456,0
58.38940500469612,43.82746813453077,44.41698246053969,38.99845767028305,0
54.39501230620226,57.78936503512114,54.57772866151886,66.74492433347538,0
49.94403981170954,56.687416555925125,39.08299123860686,46.12900297525599,0
56.95537757565778,58.491021107431436,47.060330523358175,49.28400748141933,0
34.821262533191906,46.42970799193391,58.90383163519786,55.75205016106566,0
55.0066572138121,50.4977368718096,50.07063158628176,43.39678860526553,0
56.98828420202535,54.2097294438939,54.920188479927994,44.739651573324196,0
28.466570801287556,60.97152711753696,45.211625439915956,41.372242359568794,0
56.934789119139936,46.0798736008087,60.59936384046622,56.17005949576698,0
56.83569323200477,36.340442887994655,62.11943985386401,52.61250531233856,0
46.307228607537965,51.43388467342251,32.2376476710168,54.08652811480671,0
39.706284918179286,36.47329714156466,34.77640813782109,61.12688374989925,0
43.707366063072115,65.337277099165,44.64198536947702,32.92642042407053,0
38.83475560051341,62.35811620006939,48.441018220633325,44.51712703509399,0
51.60018225852788,55.01782736167545,61.17398815902461,64.48499229892926,0
46.40231354210914,36.73952313917962,45.86534838876724,52.60280506582886,0
40.36241073789389,40.428490851049574,53.437878815498856,49.51347648429549,0
50.327969954115865,42.41504665299931,47.69599285794233,40.757668557316954,0
58.90198411124787,60.35249334723753,31.538121377619063,40.7048913980759,0
35.03470744909921,43.49976065593102,49.16562030209639,35.5035478030147,0
40.78140186874687,39.960426279185015,52.07267329398944,50.6934433703625,0
42.78262446662747,51.76820872139398,44.533199154127345,47.283448896739465,0
66.73452090298537,63.40461051790348,37.004187630724026,58.29732417879175,0
58.11396554491592,38.51736711247382,58.18777643754861,65.37931918412554,0
38.77455193755586,40.824971789857365,60.17661466843502,52.71495310825648,0
55.514762752395235,53.40589216400497,53.90695920928144,36.73527871688917,0
60.47317706621448,61.69589992427774,47.70609255931972,49.56523050186138,0
34.68892497444278,55.14254756017835,55.72057441714144,49.37808983000689,0
61.24353359870503,46.659227690200595,55.646059258936006,39.80335661307885,0
49.76447849125762,48.25645742097164,52.25307922040942,46.304730711666416,0
48.68527404328332,58.26047171441506,45.63235762761782,33.93422899261321,0
67.4958390420542,63.814540786904864,37.07737304894381,56.897078052451945,0
44.97025229448657,52.634872153310596,52.94224129013494,47.65592199683678,0
42.16234334413603,43.094589476837406,40.83808084518758,41.681777917695555,0
49.328217099506446,42.842400108892484,56.820520657126195,64.87246155335927,0
44.19946758629957,52.39404500535377,54.996851103029336,54.72002270919275,0
50.759552679160876,57.426824183597226,54.82248952680657,37.62337577672702,0
58.69156064389273,58.872908372667425,42.367138958214184,50.37937835447602,0
56.833289928110695,47.906861804206386,60.729780477660114,73.6387249461936,0
42.140139673650175,36.18955396846225,53.03818595604876,57.21562505126143,0
47.69133626155231,64.53260663321035,36.613942002767516,56.92918623031611,0
43.94139179241107,67.19377906207296,69.92515353168119,42.33343412216652,0
44.5044286409142,58.59587886979802,46.12869350210485,49.54588782067762,0
50.2538842054241,30.803268438023437,49.86162253905763,43.10272225935826,0
45.06877177600228,64.43632003468814,37.434931057207436,58.132051867479774,0
47.21037069668191,47.202398315041656,57.90371896051711,53.4005129456889,0
55.70612997219531,59.68184660532861,46.686916168166775,43.87763265492249,0
39.148494734422016,41.74589470021045,79.49094425308725,62.44679580736786,0
36.489256337919784,36.7754204325643,54.81866061718492,55.47264797377967,0
55.48883835317365,47.45044206446302,48.745457399970995,53.27879524159357,0
50.858930062933304,27.80699627252465,47.70200369424806,41.485935657396865,0
51.75211418908512,79.85259002603411,53.67481665474304,46.86470313827602,0
59.21801501977252,54.826878872092124,54.200944904518416,56.06850593215671,0
70.56543564829542,38.69111564674084,54.736320768114545,40.73618870018461,0
55.55512646342248,40.81313488513906,45.82633186394916,47.049100857620935,0
59.75816719344709,59.18454443942414,37.542826235536154,50.54934110999849,0
42.904201452508275,37.414950893246655,47.82982949575629,46.915172115441806,0
74.26716486345522,54.32959825360696,36.22382499245763,44.352259958290574,0
60.213832954293984,70.88442772869925,34.140166877620416,31.20075614860955,0
68.70965175371782,53.89614177370904,41.31707268123634,55.346290861224354,0
23.64252260983122,50.03375506597161,53.278211728430854,59.2427013953783,0
39.861040477074624,50.856871614033594,40.74575373940412,52.55383755674317,0
41.04653677636976,45.918991608397796,40.04184605209771,56.51136241823657,0
58.58451116656666,47.653794300425865,50.382379949600285,35.51408585366456,0
47.00323351993213,49.49795382958255,76.20793091029975,38.88032974225837,0
64.64177238752437,59.96858773465808,52.806364044901365,67.58620484195134,0
53.72105472606863,53.891591956679285,49.46879346982455,62.235688824186276,0
60.96469233810883,43.743227125037876,36.80752805401232,47.97019362604343,0
41.999614356023535,49.36475425384645,62.37438134684139,45.4269834491321,0
49.571766186884254,50.58022734808395,58.484308822052846,27.53110666015395,0
43.932997052347034,52.11283692279473,62.000789564268615,45.08097552493795,0
31.23447293958126,56.197114459661364,43.646376111743706,38.103333409096386,0
43.75654610286776,48.1547464234415,43.952553354617876,27.944339429009307,0
58.970661968871326,62.748750412787224,56.51521991339506,38.62314329575183,0
47.98508466052482,49.93478684770542,55.987943895619104,56.68340488718081,0
42.65826201221504,50.819955564135604,54.57280404615241,64.55822322146767,0
57.04506539824723,57.89056687375519,50.838266279293606,64.10459145203504,0
54.09762795959497,41.389120898264295,64.0336997012519,56.979032725390276,0
45.569559788715175,45.205070326007565,52.96575545140762,54.63184795267585,0
51.972922656312065,53.11308673442885,66.9995737457638,60.71543152234886,0
51.90635591265024,59.41310580767483,39.674760964724605,53.979270499468086,0
68.0930634973311,47.81954104607626,41.52366071380915,43.4791111140694,0
39.10366962657612,42.15238091872297,46.29491901409971,35.94432980821358,0
50.15618333949603,59.02277173786647,40.9224381985308,65.19283923641768,0
55.107920885275945,60.305805856240575,43.42165446147863,58.545252270666154,0
39.08066099604687,58.90247500836509,51.718393397935316,55.53251219984784,0
38.24405394375148,41.049301577233955,55.972282182533846,40.51651995775799,0
54.63206292099123,36.32862193539754,58.48174212666668,37.67476685231491,0
55.522999376795234,56.256309336460006,43.03228181570425,55.82026567084727,0
52.60442263333556,44.61158143807262,39.91445315923792,30.37374308327421,0
53.496500472996935,34.35197228637945,50.95344199441308,47.36551783917751,0
56.79142775438196,46.97954500510136,46.70552213652908,57.318707042882956,0
53.35058029084117,53.16155957182778,54.69267589808526,34.64427876792894,0
57.56788679986982,56.12468794013602,39.83316871423503,47.55919526325799,0
49.606927123723686,48.655032155982674,53.338599665685344,64.31366781831184,0
60.81766727672829,36.87780806568594,56.220699903060485,63.2893331953541,0
53.868085206892026,60.90980425185967,70.12270445700764,60.23709546106981,0
52.49308595641729,60.450884740847535,51.44887833096891,50.23903043284955,0
46.485857642862676,65.63413358832108,41.81571334057999,65.32367724678116,0
54.99864123740372,36.006938251980586,53.67649292991422,28.99973492348376,0
56.25508016831036,58.852314829889906,44.07644044347946,51.235476959555825,0
69.54157433750287,44.942532957380635,39.410924129433994,64.81663402462598,0
69.62587190530795,50.03695671847847,60.11463035408356,63.414759155308815,0
42.57515767461616,45.14694164632132,62.30874513154735,66.85014278708509,0
55.62880860174355,41.20185646497946,69.87061111699441,44.690291021880356,0
46.64862218828548,53.423378344896214,65.54160420714774,58.539759765522234,0
54.148655003619105,54.63288530118106,50.43514668643466,55.58139514518506,0
24.70439922305697,47.033925409302014,52.41321934916781,38.48985916380493,0
53.8632331781156,47.95528779013878,67.5547569831549,65.73019725214857,0
45.34194430881837,48.49162288433305,49.260524343916074,45.483405238403776,0
51.950249840281266,42.4171793111241,38.693846650624735,56.227112239002686,0
56.29529584221811,41.956842403400074,58.95355430762599,43.68422270834669,0
52.53165238037981,58.20344012612456,49.66387435296287,54.54740912141134,0
44.835703561124284,48.03533416571903,47.94140569119659,42.53421653459761,0
48.23225836884218,34.51381701136253,45.08846252857895,47.15124506630329,0
47.4382024750462,47.58502554129221,49.382358001398714,54.79441518086064,0
58.745170741325225,43.50234773151733,37.967991446108556,39.57955587756897,0
45.12797078805073,46.48078682183491,42.30003933802543,37.038833357501055,0
45.43879172525812,51.814266201139716,55.950294658355645,44.42576946891679,0
45.87002177856566,40.73301691152689,49.685608296252234,41.515713658091855,0
55.731278132412,32.14133508065889,46.40370327547538,53.01107339191742,0
51.83834516322504,76.93033663980496,53.49800024567907,39.959454031579895,0
49.04535752910927,32.23753666533548,49.194002507032394,41.669439429992416,0
59.15390275560162,44.504597254044654,48.832340842047536,43.64442158595597,0
67.38851351853332,46.78757233882088,68.32557043479201,58.141517621182665,0
54.82066727335386,53.6873314731752,53.93797298216251,30.7232742065439,0
47.21116605849244,58.451579711843216,49.51102816525894,35.94810153196425,0
49.4759554942253,67.04105516255491,62.46891715534719,49.379959906339685,0
59.514492770580866,46.33492979631948,32.96128413173281,40.75534011870445,0
65.62888768508198,47.26006918170696,47.56616020624982,47.00161803725119,0
69.04136589573007,66.25958915362062,72.18780233448135,48.40954789599949,0
52.95624488747095,34.833574505792086,64.76934426118274,38.32220448732065,0
52.16775563762629,39.02697472367156,44.11133173261304,41.627375689503,0
43.92124739324182,44.608772968510216,44.517312050749226,58.33333911780307,0
38.9513720693748,52.20541427013867,62.179591523055585,44.86803635486604,0
42.82081109252398,47.69475374819749,61.797252083607106,51.94107630953358,0
44.68785705392401,54.838766511880394,38.977078501635766,56.81359510442948,0
54.08607307701767,46.92191528861116,41.61414201552769,41.133190777165424,0
55.348173363459104,62.28980502489062,43.626922529712054,54.58386703551484,0
29.129729813979313,44.153822693428005,49.68941067129098,40.90316583018166,0
40.63493625210404,43.322204435311136,52.921927283263734,48.12670981593625,0
27.617687666750278,28.792998473649337,43.931348221428244,54.57686586053552,0
22.524951572747653,45.002698238483696,44.73752143482579,63.88337778208448,0
46.149781882871366,53.829889847409284,51.41257140087463,28.694335201927995,0
57.682072166317376,52.15396505456288,55.0826863967459,89.26237706436326,0
29.158870605014116,67.24696649761108,47.12552480599644,52.873289044030095,0
49.54487754698758,45.757636666019565,44.30167071761241,53.29508735573009,0
34.82826303328321,57.50579167521766,45.83805595114746,38.69930660959642,0
45.49987142004186,62.571492168625724,44.64664912983777,53.5845361820962,0
42.69043724284526,57.5792184992362,56.85507738790204,68.48608833296412,0
48.244360545007844,56.686548047579066,50.98067539538945,62.95871781863014,0
42.8116761239127,57.45005312877281,48.053027038833186,49.358118228915025,0
50.91752484448373,52.52240396426677,48.83770956878042,52.147131831705266,0
65.78118057562185,59.85449685615218,58.69154592496896,45.444604739761296,0
41.10759171771676,59.55300558237753,58.760467925297945,64.72670675750982,0
43.9601937403077,47.70451344639653,33.605158374745656,46.07528893939127,0
59.96570510579447,45.33504620771802,56.40479795200824,48.094968940021886,0
53.24057028221561,38.523086101843326,50.852094496339014,20.088640290992767,0
48.13103841838015,33.6952675628486,62.059945165468164,57.774073527645115,0
54.66670981966081,65.2100622715938,40.51083479175163,67.47363197915558,0
59.32191564260385,47.63444712781054,61.35620147182944,38.93706487588366,0
41.75485838472326,43.914102767603,44.71022291935985,39.43442357239747,0
62.23083067095325,47.41145599630168,53.525049683568795,44.29648633586319,0
31.79396699451483,52.70057358391422,30.87745024580223,49.31365953914531,0
36.3168496116719,69.87275999230808,59.113627221747215,51.05753791271481,0
62.63706677654669,41.536840225342644,55.43479378670093,51.99810433718714,0
52.6402008133367,62.723535001067674,57.32492102779802,52.887236628250236,0
33.45112563771704,40.399537047205364,48.77291066404276,50.93372374276651,0
38.69796275326076,74.11676675578421,65.16394055253573,56.021183203924835,0
50.72036861283745,47.87791030098848,40.48081539977764,50.774805185188626,0
52.57752540142751,37.58239424518376,53.341764172448976,48.44740951175251,0
30.92192442122609,41.39614989220498,45.863944665783556,68.8768765734019,0
55.56553124533758,36.64518430900109,54.86036289417637,34.52696011061634,0
60.826910538870735,45.28875348182122,49.06363811260829,63.2579664754219,0
37.1283643141575,36.02881814887009,44.16400673653995,60.38378851019317,0
34.806539245231576,21.67844401889431,45.488411415910015,55.5174079991092,0
62.00261749738829,45.36838637914601,45.885733928839976,61.53900734255747,0
31.302583003045793,46.114792248169906,51.90423889925058,54.49218721285034,0
44.901933068091175,50.344410117058416,25.116726465870105,43.41751587666152,0
54.53508712554468,40.177059657453206,50.58984221589597,54.46872500802698,0
46.57450799142235,51.70463770996571,40.372674347153875,47.93388720303953,0
56.10216169589223,51.569729609684344,44.13468730436065,52.24216404290793,0
57.14609790636618,29.50058721422522,61.59074064955898,46.63745261318928,0
54.2548993324023,61.97246923645228,36.28326302769534,42.90558997572453,0
47.11451304124295,42.16246478875571,67.34936575836808,41.432279061732075,0
44.44453220513133,52.04389031602977,37.97850473923911,46.04319288243736,0
53.17453261250175,46.67139595617489,49.06613141100052,44.70667887551629,0
34.85529690819233,53.215932113392384,67.54933071647241,50.18401630783438,0
52.25264117247549,56.92722755116859,37.30669503453301,67.02514658129606,0
52.02328796422802,66.3185689908911,42.66967004476011,68.18061922557825,0
57.75155494034783,55.530400858523585,52.34024454353148,47.514713819255505,0
62.00531658473872,51.40359869848047,30.329302964128477,38.82813538292997,0
48.14154247807253,53.09998983165555,49.43411511100104,62.18970789793663,0
30.488981359613753,51.435879365051605,31.820207746128453,57.59712295484168,0
49.05541285557997,54.19609972024118,41.36117039410234,62.79464931657751,0
60.417246640588516,55.835443030118874,48.704827531365595,55.798572852951324,0
42.93107432012651,58.55555659020712,66.4948089432392,60.70610559979186,0
42.70397530192591,53.61417317273103,37.06858456241352,55.723903111756755,0
54.50603412862539,31.30183660467836,38.38216156087636,47.16861103256233,0
46.991402528591735,37.90523064581195,53.889787293521834,52.51473608940512,0
48.05730868021481,42.44208499841637,60.487071264165635,66.55407113088296,0
45.16438516153463,43.878330828451794,54.912076654119964,46.419706202530136,0
48.60602799336766,57.396531517246714,30.906439124927072,63.183023248526695,0
50.72680524329341,45.8850685543782,49.10765845778551,49.62429355020519,0
32.68798696555075,64.94938227453235,50.41325632270618,54.430021304473755,0
59.51549770574043,39.788375424396996,54.734718990352285,47.32358909101207,0
58.46770775216494,28.727725796485046,49.00905699758731,43.97179344216038,0
54.322629506341556,54.700441873682024,42.92374105177974,42.87826135823956,0
48.89334631442671,41.033577726847916,58.41983695452127,46.30792799552554,0
20.930117806783585,46.25177943378194,39.61456179156028,33.687241845390545,0
37.62573361777427,51.094084718329704,63.28640828248231,53.131844738649804,0
43.934966117842606,54.55904195170703,45.40909689781008,43.05399630836855,0
38.456373317670156,32.48171193248281,46.100762934405545,51.58053489920132,0
49.0337632998511,45.84033072052641,40.542539393032186,56.08246191684969,0
36.82868080053415,57.760279138434754,39.97782981073275,42.47564762646965,0
35.33214809384323,44.98597853114363,59.75312458477979,55.15628088443957,0
59.78422112028035,55.22142545933936,38.96330171469631,46.692107756724425,0
42.19800870882537,63.3057490403904,38.03211353573688,58.93697689389111,0
58.929538701087694,68.29620201716088,45.903134073705026,57.123221595801624,0
72.81651836538842,43.82358323066303,34.6495975246764,31.199899660922362,0
57.12712028861331,31.16849791941416,46.27680947062077,54.37313187038961,0
51.85175536829914,54.25444864184172,52.22289855800854,62.788658133133936,0
40.476836192612026,43.23004861541469,42.27340554729176,58.301918118626105,0
59.003985883950634,54.51225319318508,61.834936668899275,38.21959132623619,0
66.67224111551137,65.23238621712258,57.35621997245747,67.8179890877106,0
33.43376792322226,44.755518637373484,42.64696539318048,57.21479323757343,0
39.498592603978544,57.574951493374854,63.705361439967135,56.95202900083999,0
52.83751023661501,40.121266590992505,41.53149033874635,62.49618905296667,0
57.793490039053324,49.60980480622456,45.8209045423411,29.74192126888623,0
39.291475813155614,69.11419087139723,37.195444289975335,51.89479821221081,0
60.07443973195198,37.450773319977074,51.84710474781083,59.37915537510655,0
50.1249932190725,78.68403055666768,33.31400741121804,60.58728529883879,0
48.27198262603535,57.719201548366755,54.41307151699246,42.668438028900034,0
52.2899639245934,31.420985486017127,56.032475005713934,52.98158465990526,0
56.38660168643102,60.581183250871504,53.67619840209711,51.480894197982764,0
41.18931663338708,42.87779236350949,61.86734620177331,64.36335405705978,0
47.61889563687946,50.460027472532744,40.95385625006234,61.72756845267445,0
56.65416823691778,69.4121743646375,41.21676922820261,46.21992100981783,0
52.314459225255725,56.464895377257704,47.84332362452368,41.270389095462995,0
58.81407528923571,57.211353625455814,40.83725899436275,63.55442801105496,0
61.70198709196604,51.34296497247793,50.79597862376036,55.540577711159074,0
41.38296929743742,50.30031479164082,28.4761645539082,58.76455645502936,0
34.385067775581405,65.03419828428999,46.698799060335496,47.88333018068823,0
43.72266093915494,47.11961126077924,64.18531345148037,25.121913434649205,0
62.769653860881874,53.38023481101708,37.929783521427844,39.24687606950762,0
66.76393027208204,40.54493120057269,38.46649489404041,61.373145423647294,0
53.385528762859146,40.620744234636014,52.16624975404619,39.742473163597225,0
61.00821398422605,60.61370964873134,55.32006198821943,53.61661061247017,0
67.61188124867374,49.996863273882255,38.181258745791986,54.49473912832307,0
70.86047049537115,39.85240506814148,46.38537233306014,54.16446038101453,0
49.46095150994261,40.176964196226855,61.21857856230471,73.2004072201726,0
51.96131459023907,40.95931710264,34.51039474946525,52.57975981221181,0
61.038773433162575,54.751677464953815,49.97596159081146,44.107283482106936,0
39.0783636728191,58.34751326324882,59.13771621385585,34.54270213309267,0
65.89838978180684,55.74071220894001,63.99594645145793,36.57872251514885,0
36.34175844584561,48.51030690232703,55.02784426895194,67.96360822926964,0
57.060789138151314,47.573187231879665,39.73630792334108,62.300005727191504,0
40.35294574249285,66.28468554772321,47.15615350393491,65.9058207261785,0
56.78931290059278,48.63004510557542,44.806036281738734,46.5909212265392,0
54.283166923752376,50.771564962177166,44.06188591931295,48.34368589682368,0
50.7857702971915,28.71265905585188,54.58168114788699,40.20278775283193,0
38.46667596794255,33.1265565288929,32.0610750213211,36.44552496887711,0
42.9097904236951,69.53259137526568,44.74120324104796,51.777501062680315,0
54.004813865063284,51.31065186215849,49.225565392740066,38.04706236400755,0
64.50927548279212,68.07196643637886,33.17341305877314,39.7597140911362,0
47.20189657622994,40.35462205089809,55.05965553455865,42.71727797593387,0
71.65056067806603,61.90548594343596,52.12574030632215,60.26986263319732,0
61.059004243573085,44.36052511941757,41.83782755458035,50.78143062969647,0
58.616361244979444,51.390603986534174,34.23003517809003,41.97175556049157,0
49.26027136405622,49.2433439567417,69.72542176789808,36.14012057601002,0
55.055892418358745,64.8911310832829,72.71449745422797,45.95602576816039,0
54.914294527201996,55.69760357198647,51.95481731553291,49.01154798760694,0
54.35975389500046,24.677539147803145,56.820694900626314,51.26177903661967,0
47.77525103221735,70.46862195719558,43.250659812094476,45.96924010934969,0
69.91553302204734,41.679386951501435,44.49884717063461,48.5297457656915,0
58.407344821295496,52.078025073533134,37.07374652847737,44.6783143687281,0
43.92645566787789,49.22778954776955,54.25843658629829,54.18205755887972,0
32.23988245951598,60.639409875608564,52.52568845996623,63.84532047593906,0
54.44198327290672,61.01322957735762,54.66545311450127,63.46225756202748,0
55.22250636017779,49.02084753557096,72.72434720446881,58.89037122279892,0
55.73744421004413,37.23695583461664,37.11692382536462,52.92715482141853,0
51.45521197768241,43.858774349916835,51.4098269961206,65.88626928043595,0
56.954024745502984,38.589914902472614,48.884911728570565,41.950335191474394,0
46.12300083591439,45.86384334370357,45.22354417395995,37.44864628026605,0
48.7234531848181,44.3939236315269,20.70551309997732,70.52972024501663,0
60.88769654216672,46.23699275075004,50.188190497405984,38.28345652682438,0
66.95722877810866,68.97288694773111,51.56693728246525,60.235306441853446,0
51.75286778933924,36.63274561124069,45.881766310363425,51.31927966771957,0
45.45452281256556,47.81346722564964,49.08600442490886,49.191215021345386,0
50.522584904974835,39.39394933603399,42.82983850872064,37.15415734300031,0
59.778155496862006,28.943530581596754,61.53590343316925,63.86349397262843,0
46.97819413017378,23.968629121727012,46.38689438032709,49.35815838711181,0
39.89401780071087,44.84781606191757,65.30195198863352,56.64927162301741,0
40.754358856219,34.02400830404568,46.729826823902286,47.86543220649562,0
54.96199187363317,44.64683287432341,55.114995753618615,69.35154040060229,0
58.15501022444263,49.519114926692275,48.16849528946705,46.433268658201285,0
61.806409124521444,43.72686554048697,50.45222708999982,50.511979018810855,0
44.98215807188468,36.27534452115899,53.22974503617668,49.389960281446164,0
55.0024046943657,44.66399693560833,62.20821298813048,41.23226218788155,0
67.12040284017893,32.52363490171739,54.347700645568914,54.754306825266234,0
42.04442932059118,54.24393937861012,62.795186697601586,27.831811606459354,0
55.02744807490814,25.067291796699223,40.34335196476792,66.29166364900945,0
44.18217966607946,38.261200355910276,48.020622710153184,70.67906338163553,0
31.68317752793974,39.48690088360655,64.97431683179626,68.57702343537733,0
48.96568775709716,37.60947297473358,70.95843501809159,65.94442391749197,0
56.78946987762233,41.8759765106258,49.50970659161963,48.396399189551694,0
53.30851304615578,64.51001438131337,58.79417041137403,39.226239230152416,0
63.764964500195376,53.131321400131554,56.87065795858916,64.66540859278604,0
38.88419750486449,49.64174421293537,44.68545448640785,34.32140574634544,0
53.467099776049196,75.11556551584424,31.59922255494247,49.6771938895053,0
56.40542935074774,51.23078201656181,48.86871947484259,37.007836365541756,0
52.327867429401635,42.43236022984074,28.100782950214466,61.94592220513731,0
59.58385819842042,50.5166097685108,52.29074688205703,60.74318012715561,0
52.24339656778083,59.040175547613146,47.0251779912615,63.119837385739466,0
53.207857259326836,51.94051943605874,37.29938911287968,52.869558543017085,0
41.68045082505549,43.617172734715055,41.846243716838785,39.33765068100775,0
71.24771403016962,63.31339061988403,69.20367502144262,37.77104980444436,0
50.712537499108926,37.06492374795904,43.04305122802936,40.81873016583425,0
62.395840064415616,46.0377032189824,60.68379333694016,56.04120889588518,0
73.03638752104789,35.20555776860276,62.59233239786799,61.464408704007276,0
40.26621161972965,60.0713333647316,53.361449630262285,47.72523740046592,0
90.2476605775742,88.82604238486994,85.52501172560989,114.36447030587667,1
100.00233036764347,106.99572812216618,89.56265536300118,110.32161684044866,1
110.40022179848394,92.503920996332,96.4273053204113,88.38761109720804,1
119.06244093291618,105.82410308233646,117.38175522862062,92.13542174516533,1
111.27563651987559,110.63434575538969,107.66622607466167,118.62555901067202,1
95.74221344425263,85.22869294359029,106.86835436976243,109.17239201908825,1
103.0024229383526,88.27271572533584,100.17823766677421,92.48758946276517,1
97.09866112666757,105.80874303378656,109.80858970763339,89.28898763605372,1
96.21301442587813,90.76646283966517,87.94526455447476,111.33548879983354,1
116.37010777747969,94.80928742738307,110.05115697495067,115.87981157457645,1
113.84496842120926,87.31253554156903,118.25167526053445,95.0670576171785,1
93.56962644695345,82.49725309111122,99.44694616419532,84.36054462563715,1
89.94159283709703,92.67770487069126,112.35305293966736,115.01954601583586,1
92.09865269845879,114.34792484978296,114.28923749479165,110.58603801539493,1
85.86780456060725,107.61291387602915,117.80096258322274,107.30161915068628,1
93.26467396431336,100.02317269723325,105.82900173404215,100.42281634914013,1
84.79811766923879,92.48256178608082,112.09584122214531,114.4567218438207,1
85.4920013086228,118.09547009594898,93.15290471394437,106.4925495492288,1
110.07300583826725,112.47784938551533,117.82998808903722,92.5167819211529,1
114.34025818206217,85.26747613744828,108.20163625414371,109.67910918055944,1
107.10892964805282,90.09258944540612,114.92172588060814,86.7543385348158,1
82.14539166083324,108.69859962447649,99.01902860930934,113.96392079834703,1
95.33588564233035,86.73114354030851,113.45768769879479,101.95638526560288,1
87.56783169561419,108.81535994345782,100.44454553958002,104.1725192896128,1
98.43593352826328,113.14835935272026,113.182508627322,108.37555287297545,1
84.2160550958585,113.55415447616275,106.84051922131638,107.88096664017198,1
94.51931361615486,115.17118224628027,109.0148640093943,84.50361866116778,1
96.3111213762465,115.45521447840567,81.88786806789516,118.45666478568198,1
107.1665027327825,105.25503910573507,90.82237025951966,89.95167154956708,1
117.68232877954381,91.93089816936491,111.02021186875997,95.72487192828316,1
85.57016283138816,80.42861190781436,101.77029348061004,119.0311527419573,1
94.76544775236817,94.2876933597218,93.76366471397768,100.82175349219433,1
97.62659533697175,115.19658506908058,100.22083166893961,100.31031352754275,1
85.53486378882226,119.30958163641543,89.99891563475319,82.93456269838411,1
106.52584995900835,103.8146548062749,96.60582615970984,96.88768935522712,1
111.40255684185725,87.82850560398596,112.81013275779559,105.94988455580072,1
96.75879095118097,98.32114466335474,90.26588828744383,110.084573307879,1
100.51498969221072,92.83418170999374,103.84200463043801,119.82937808205293,1
97.41049118626215,116.82765603114478,93.80067359698265,82.18930827699944,1
88.16968425473715,96.74780573310737,88.78539714378276,80.00908152873022,1
116.60006150990108,113.75517644923715,109.69168925947788,86.71258382584115,1
84.81454304839944,82.70418997889533,108.96116755091685,117.15231842751541,1
97.22143283652147,84.76562687984193,100.49571282928426,93.9532762983452,1
94.99299697399991,104.85322496622828,108.74872453048809,84.42414395492644,1
81.42360923225905,119.77321210742859,89.30913395662208,82.15322099633836,1
87.5950131638368,81.55831385393857,95.67243578468687,112.09607137805297,1
93.64977799030882,97.76733627513465,107.02347094269754,100.35576280279521,1
114.45782744085297,114.64142700183027,80.39642781964615,111.12185225932797,1
98.42934400966695,119.55362165214652,99.3292830350174,119.4758378155319,1
110.18277444822947,89.94419538453225,101.5357991714783,119.68542557914331,1
114.30122431007695,83.89467575164885,108.25487987239984,93.82318343483252,1
80.27929047521393,96.13923876107998,89.39017686899885,112.75477082081886,1
93.49322435383061,113.10094775815269,80.02391755339181,92.31276600104476,1
89.64660857231047,89.34269444274443,82.72746479061851,87.48497081642007,1
102.2219827954248,91.65444291350978,96.69579129316591,95.07467521388755,1
115.03619699999578,116.21195996042061,99.7182788662344,93.20623801262417,1
84.27202816009455,118.1361151752838,82.4090777960119,91.90601110273121,1
91.92264804680016,92.8160514456086,86.57147373089637,111.32645723694789,1
84.89991447863957,105.39626636612651,84.95384106823269,82.82142550371826,1
116.37718014743507,87.60515065274822,112.85000618238817,101.78523484428544,1
83.11426078435079,118.2179276575227,89.8784466796757,114.38581381410427,1
86.75240023138257,114.15771528567412,80.52915251621175,100.47121826277923,1
110.77770317686227,117.39182069971133,116.36808544825948,112.7849947819058,1
115.52765398645217,87.96878743348306,91.36737182846915,91.55874099684235,1
95.08215724006796,95.73282681540755,101.78221298618702,86.39519053465766,1
107.64986655143957,86.70266157218026,92.4123392841819,100.13380522424616,1
111.8576224609391,109.57876932954909,105.82137425642088,86.2309304232068,1
101.88181382462311,83.49786007199542,95.09452707186603,96.54066121159836,1
81.59245757783015,90.95952397879887,118.22597869065957,118.14530431318758,1
94.09308217010157,81.72400435793296,87.16379757312725,95.6887117373416,1
117.9111879187692,85.6479625414874,110.54063374672849,84.34730157498768,1
119.25030309565108,95.26465996436539,111.00938155596225,93.70364331244528,1
105.10675508635235,87.68064338960147,85.8408407718785,117.52256558272525,1
116.70589111617734,115.49875760851529,105.01733800666373,112.33072844865113,1
82.761477476455,93.39156167562717,92.54812499028625,105.42581287810452,1
94.23831093882562,85.94027126574723,103.85868301654175,112.57535682676325,1
95.28493977839892,85.29074860393926,87.86752789251292,89.49933220677536,1
91.99590371978145,105.71180282025236,104.03781938150877,107.84319446268157,1
94.50007938126052,112.95990607519913,88.16350644623041,98.76162990072615,1
112.03754886165721,87.20634590930477,84.39452454963131,115.34735870751959,1
93.71718651036784,107.35480499636128,81.01394417055754,107.60187553637799,1
92.64405246187883,82.22963414349766,104.39251046192467,89.63215264292693,1
95.4722896820752,83.22323249146055,85.88653004379782,91.91908941983375,1
83.59038002240628,116.43305058745261,80.24188172735914,99.35440875457246,1
84.92989832530206,92.30716357911794,117.04238239273062,86.46778213095948,1
118.63329278873331,88.23177507957686,109.66264433867318,101.86709059589248,1
115.37914910387036,102.15973022012524,101.38236876625234,87.818320014736,1
86.64917448206634,116.65956604462056,93.11352795400137,94.88329019851584,1
110.39294633713553,93.5529392969123,118.0824978655601,109.517110759952,1
103.8971697029368,115.2358064217901,81.98423633397931,90.28250768756835,1
98.6014533688364,89.07914157886084,109.75620749208608,116.768321242149,1
96.95080479723694,93.6853040044758,118.46202928550265,97.79409731310163,1
99.56193601797133,94.06599489367622,116.38193892048554,102.75821933127403,1
110.48698348726579,112.47226873403545,93.67396167669033,97.3477732528152,1
113.93887097625058,94.5302140670324,111.75740533807405,117.63969290297749,1
104.92841492272028,109.66509149807555,112.2038924816454,113.8015859558657,1
95.80213351427184,82.05053836703993,96.07505084946958,106.95024919136358,1
98.01401543123171,109.95852603441594,94.27929717874656,105.38976564416117,1
87.45679219415898,109.97477746579827,101.82783875252103,88.16257554186402,1
91.6764469399123,109.94434834327329,99.30404942646084,88.64125761572289,1
